{
    "sessions": {},
    "yyy_items": [
        {"id": 1, "name": "プロジェクトA", "status": "進行中", "priority": "高", "owner": "田中"},
        {"id": 2, "name": "プロジェクトB", "status": "完了", "priority": "中", "owner": "山田"},
        {"id": 3, "name": "プロジェクトC", "status": "保留", "priority": "低", "owner": "佐藤"}
    ],
    "zzz_items": [
        {"id": 1, "name": "タスク1", "assignee": "田中", "status": "未着手"},
        {"id": 2, "name": "タスク2", "assignee": "山田", "status": "進行中"},
        {"id": 3, "name": "タスク3", "assignee": "佐藤", "status": "完了"}
    ]
}
